{
    "isMockData": true,
    "value": {
        "Value": [
            {
                "sourceId":187654321,
                "dealerName":"Securities Serivce Network Inc.",
                "latestNote":"{'10-10-20', 'the subject of this note', 'the detailed body of this note'}",
                "repName":"John Rep. Doe",
                "name":"Richard Oliver MD 401",
                "tin":"12-3542652",
                "externalId":"BRK123456",
                "id":"IRK102544",
                "sourceName":"RDK",
                "tpaName":"TPA Free Payment",
                "subStatus":"{'1001', 'Implementation in progress'}",
                "status":"{'1001', 'Active'}"
            },
            {
                "sourceId":287654321,
                "dealerName":"Securities Serivce Network Inc.",
                "latestNote":"{'10-10-20', 'the subject of this note', 'the detailed body of this note'}",
                "repName":"John Rep. Doe",
                "name":"Richard Oliver MD 401",
                "tin":"12-3542652",
                "externalId":"BRK123456",
                "id":"IRK102544",
                "sourceName":"RDK",
                "tpaName":"TPA Free Payment",
                "subStatus":"{'1001', 'Implementation in progress'}",
                "status":"{'1001', 'Active'}"
            },
            {
                "sourceId":387654321,
                "dealerName":"Securities Serivce Network Inc.",
                "latestNote":"{'10-10-20', 'the subject of this note', 'the detailed body of this note'}",
                "repName":"John Rep. Doe",
                "name":"Richard Oliver MD 401",
                "tin":"12-3542652",
                "externalId":"BRK123456",
                "id":"IRK102544",
                "sourceName":"RDK",
                "tpaName":"TPA Free Payment",
                "subStatus":"{'1001', 'Implementation in progress'}",
                "status":"{'1001', 'Active'}"
            },
            {
                "sourceId":487654321,
                "dealerName":"Securities Serivce Network Inc.",
                "latestNote":"{'10-10-20', 'the subject of this note', 'the detailed body of this note'}",
                "repName":"John Rep. Doe",
                "name":"Richard Oliver MD 401",
                "tin":"12-3542652",
                "externalId":"BRK123456",
                "id":"IRK102544",
                "sourceName":"RDK",
                "tpaName":"TPA Free Payment",
                "subStatus":"{'1001', 'Implementation in progress'}",
                "status":"{'1001', 'Active'}"
            },
            {
                "sourceId":587654321,
                "dealerName":"Securities Serivce Network Inc.",
                "latestNote":"{'10-10-20', 'the subject of this note', 'the detailed body of this note'}",
                "repName":"John Rep. Doe",
                "name":"Richard Oliver MD 401",
                "tin":"12-3542652",
                "externalId":"BRK123456",
                "id":"IRK102544",
                "sourceName":"RDK",
                "tpaName":"TPA Free Payment",
                "subStatus":"{'1001', 'Implementation in progress'}",
                "status":"{'1001', 'Active'}"
            },
            {
                "sourceId":687654321,
                "dealerName":"Securities Serivce Network Inc.",
                "latestNote":"{'10-10-20', 'the subject of this note', 'the detailed body of this note'}",
                "repName":"John Rep. Doe",
                "name":"Richard Oliver MD 401",
                "tin":"12-3542652",
                "externalId":"BRK123456",
                "id":"IRK102544",
                "sourceName":"RDK",
                "tpaName":"TPA Free Payment",
                "subStatus":"{'1001', 'Implementation in progress'}",
                "status":"{'1001', 'Active'}"
            },
            {
                "sourceId":787654321,
                "dealerName":"Securities Serivce Network Inc.",
                "latestNote":"{'10-10-20', 'the subject of this note', 'the detailed body of this note'}",
                "repName":"John Rep. Doe",
                "name":"Richard Oliver MD 401",
                "tin":"12-3542652",
                "externalId":"BRK123456",
                "id":"IRK102544",
                "sourceName":"RDK",
                "tpaName":"TPA Free Payment",
                "subStatus":"{'1001', 'Implementation in progress'}",
                "status":"{'1001', 'Active'}"
            },
            {
                "sourceId":887654321,
                "dealerName":"Securities Serivce Network Inc.",
                "latestNote":"{'10-10-20', 'the subject of this note', 'the detailed body of this note'}",
                "repName":"John Rep. Doe",
                "name":"Richard Oliver MD 401",
                "tin":"12-3542652",
                "externalId":"BRK123456",
                "id":"IRK102544",
                "sourceName":"RDK",
                "tpaName":"TPA Free Payment",
                "subStatus":"{'1001', 'Implementation in progress'}",
                "status":"{'1001', 'Active'}"
            },
            {
                "sourceId":987654321,
                "dealerName":"Securities Serivce Network Inc.",
                "latestNote":"{'10-10-20', 'the subject of this note', 'the detailed body of this note'}",
                "repName":"John Rep. Doe",
                "name":"Richard Oliver MD 401",
                "tin":"12-3542652",
                "externalId":"BRK123456",
                "id":"IRK102544",
                "sourceName":"RDK",
                "tpaName":"TPA Free Payment",
                "subStatus":"{'1001', 'Implementation in progress'}",
                "status":"{'1001', 'Active'}"
            },
            {
                "sourceId":107654321,
                "dealerName":"Securities Serivce Network Inc.",
                "latestNote":"{'10-10-20', 'the subject of this note', 'the detailed body of this note'}",
                "repName":"John Rep. Doe",
                "name":"Richard Oliver MD 401",
                "tin":"12-3542652",
                "externalId":"BRK123456",
                "id":"IRK102544",
                "sourceName":"RDK",
                "tpaName":"TPA Free Payment",
                "subStatus":"{'1001', 'Implementation in progress'}",
                "status":"{'1001', 'Active'}"
            },
            {
                "sourceId":117654321,
                "dealerName":"Securities Serivce Network Inc.",
                "latestNote":"{'10-10-20', 'the subject of this note', 'the detailed body of this note'}",
                "repName":"John Rep. Doe",
                "name":"Richard Oliver MD 401",
                "tin":"12-3542652",
                "externalId":"BRK123456",
                "id":"IRK102544",
                "sourceName":"RDK",
                "tpaName":"TPA Free Payment",
                "subStatus":"{'1001', 'Implementation in progress'}",
                "status":"{'1001', 'Active'}"
            }
        ]   
    }
}