{
    "totalNumRecords": 10,
    "frequentSearches": [
        {
            "id":1,
            "planId":"IRK102544",
            "keyword": "Architectural Design Inc 401K Rtmt Plan"
        },
        {
            "id":2,
            "planId":"IRK102544",
            "keyword": "Core General Contractors 401K Plan"
        },
        {
            "id":3,
            "planId":"IRK102544",
            "keyword": "Gilead Pain Care PLLC 401K Plan"
        },
        {
            "id":4,
            "planId":"IRK102544",
            "keyword": "Core Pain Care PLLC 401K Plan"
        },
        {
            "id":5,
            "planId":"IRK102544",
            "keyword": "Core Pain Care PLLC 401K Plan"
        },
        {
            "id":6,
            "planId":"IRK102544",
            "keyword": "Core General Contractors 401K Plan"
        },
        {
            "id":7,
            "planId":"IRK102544",
            "keyword": "Architectural Design Inc 401K Rtmt Plan"
        }
    ]
}